Metric,Value
Total Population,253680.0
Diabetes Cases,35346.0
Diabetes Rate (%),13.933301797540206
Average BMI,28.382363607694735
High BP Rate (%),42.90011037527594
High Cholesterol Rate (%),42.41209397666351
